{"cameraMode":{"drawMode":0,"name":"Shaded","section":"Shading Mode"},"sceneLighting":false,"audioPlay":false,"sceneViewState":{"m_AlwaysRefresh":true,"showFog":true,"showSkybox":false,"showFlares":true,"showImageEffects":true,"showParticleSystems":true,"showVisualEffectGraphs":true,"m_FxEnabled":true},"in2DMode":false,"pivot":{"x":1.7546461820602418,"y":1.4185889959335328,"z":14.292265892028809},"rotation":{"x":-0.00884485337883234,"y":-0.9912785291671753,"z":0.1017574816942215,"w":-0.08433111011981964},"size":2.477609872817993,"orthographic":false}