{"cameraMode":{"drawMode":0,"name":"Shaded","section":"Shading Mode"},"sceneLighting":false,"audioPlay":false,"sceneViewState":{"m_AlwaysRefresh":true,"showFog":true,"showSkybox":false,"showFlares":true,"showImageEffects":true,"showParticleSystems":true,"showVisualEffectGraphs":true,"m_FxEnabled":true},"in2DMode":false,"pivot":{"x":0.0073132943361997608,"y":-0.8423406481742859,"z":0.6774176359176636},"rotation":{"x":0.003851270070299506,"y":-0.9956951141357422,"z":0.07814262807369232,"w":0.051450204104185107},"size":2.477609872817993,"orthographic":false}