{"cameraMode":{"drawMode":0,"name":"Shaded","section":"Shading Mode"},"sceneLighting":true,"audioPlay":false,"sceneViewState":{"m_AlwaysRefresh":true,"showFog":true,"showSkybox":true,"showFlares":true,"showImageEffects":true,"showParticleSystems":true,"showVisualEffectGraphs":true,"m_FxEnabled":true},"in2DMode":false,"pivot":{"x":150.32102966308595,"y":0.14234596490859986,"z":381.3763122558594},"rotation":{"x":0.2423964887857437,"y":-0.0058038607239723209,"z":0.0015625872183591128,"w":0.9702802896499634},"size":494.2861022949219,"orthographic":false}