{"cameraMode":{"drawMode":0,"name":"Shaded","section":"Shading Mode"},"sceneLighting":true,"audioPlay":false,"sceneViewState":{"m_AlwaysRefresh":true,"showFog":true,"showSkybox":true,"showFlares":true,"showImageEffects":true,"showParticleSystems":true,"showVisualEffectGraphs":true,"m_FxEnabled":true},"in2DMode":false,"pivot":{"x":2.3230762481689455,"y":-36.98032760620117,"z":210.18569946289063},"rotation":{"x":-0.019144605845212938,"y":0.9617330431938171,"z":-0.06966428458690644,"w":-0.2643038332462311},"size":67.29659271240235,"orthographic":false}