{"cameraMode":{"drawMode":0,"name":"Shaded","section":"Shading Mode"},"sceneLighting":false,"audioPlay":false,"sceneViewState":{"m_AlwaysRefresh":true,"showFog":true,"showSkybox":false,"showFlares":true,"showImageEffects":true,"showParticleSystems":true,"showVisualEffectGraphs":true,"m_FxEnabled":true},"in2DMode":false,"pivot":{"x":0.000953972339630127,"y":0.30035507678985598,"z":-0.03682264685630798},"rotation":{"x":-0.25226128101348879,"y":0.04695726931095123,"z":-0.012440653517842293,"w":-0.9665296673774719},"size":1.6344975233078004,"orthographic":false}