{"cameraMode":{"drawMode":0,"name":"Shaded","section":"Shading Mode"},"sceneLighting":false,"audioPlay":false,"sceneViewState":{"m_AlwaysRefresh":true,"showFog":true,"showSkybox":false,"showFlares":true,"showImageEffects":true,"showParticleSystems":true,"showVisualEffectGraphs":true,"m_FxEnabled":true},"in2DMode":false,"pivot":{"x":-3.1789889335632326,"y":1.0142745971679688,"z":-0.7215834259986877},"rotation":{"x":-0.10920412838459015,"y":-0.38660961389541628,"z":0.046103619039058688,"w":-0.9146528244018555},"size":1.2247449159622193,"orthographic":false}