{"cameraMode":{"drawMode":0,"name":"Shaded","section":"Shading Mode"},"sceneLighting":false,"audioPlay":false,"sceneViewState":{"m_AlwaysRefresh":true,"showFog":true,"showSkybox":false,"showFlares":true,"showImageEffects":true,"showParticleSystems":true,"showVisualEffectGraphs":true,"m_FxEnabled":true},"in2DMode":false,"pivot":{"x":-0.47863757610321047,"y":0.7796727418899536,"z":2.0640316009521486},"rotation":{"x":-0.0010677662212401629,"y":-0.9990060925483704,"z":0.03628849238157272,"w":-0.027871841564774514},"size":1.2247449159622193,"orthographic":false}