{"cameraMode":{"drawMode":0,"name":"Shaded","section":"Shading Mode"},"sceneLighting":false,"audioPlay":false,"sceneViewState":{"m_AlwaysRefresh":true,"showFog":true,"showSkybox":false,"showFlares":true,"showImageEffects":true,"showParticleSystems":true,"showVisualEffectGraphs":true,"m_FxEnabled":true},"in2DMode":false,"pivot":{"x":-0.8661336302757263,"y":10.58018684387207,"z":26.015832901000978},"rotation":{"x":-0.017686275765299798,"y":-0.9811487793922424,"z":0.15914754569530488,"w":-0.10874726623296738},"size":1.2247449159622193,"orthographic":false}