{"cameraMode":{"drawMode":0,"name":"Shaded","section":"Shading Mode"},"sceneLighting":false,"audioPlay":false,"sceneViewState":{"m_AlwaysRefresh":true,"showFog":true,"showSkybox":false,"showFlares":true,"showImageEffects":true,"showParticleSystems":true,"showVisualEffectGraphs":true,"m_FxEnabled":true},"in2DMode":false,"pivot":{"x":-51.147647857666019,"y":59.42086410522461,"z":1101.657470703125},"rotation":{"x":-0.00231822207570076,"y":-0.9963876008987427,"z":0.028713177889585496,"w":-0.08027783781290055},"size":0.8660253882408142,"orthographic":false}