{"cameraMode":{"drawMode":0,"name":"Shaded","section":"Shading Mode"},"sceneLighting":false,"audioPlay":false,"sceneViewState":{"m_AlwaysRefresh":true,"showFog":true,"showSkybox":false,"showFlares":true,"showImageEffects":true,"showParticleSystems":true,"showVisualEffectGraphs":true,"m_FxEnabled":true},"in2DMode":false,"pivot":{"x":-22.00767707824707,"y":1.7746554613113404,"z":194.16046142578126},"rotation":{"x":0.000049650076107354835,"y":-0.999819815158844,"z":-0.002689933869987726,"w":-0.020394474267959596},"size":0.2868213653564453,"orthographic":false}