{"cameraMode":{"drawMode":0,"name":"Shaded","section":"Shading Mode"},"sceneLighting":false,"audioPlay":false,"sceneViewState":{"m_AlwaysRefresh":true,"showFog":true,"showSkybox":false,"showFlares":true,"showImageEffects":true,"showParticleSystems":true,"showVisualEffectGraphs":true,"m_FxEnabled":true},"in2DMode":false,"pivot":{"x":3.2715883255004885,"y":11.393302917480469,"z":25.333513259887697},"rotation":{"x":-0.006402974016964436,"y":0.972376823425293,"z":-0.23210571706295014,"w":-0.02746501937508583},"size":2.477609872817993,"orthographic":false}