{"cameraMode":{"drawMode":0,"name":"Shaded","section":"Shading Mode"},"sceneLighting":false,"audioPlay":false,"sceneViewState":{"m_AlwaysRefresh":true,"showFog":true,"showSkybox":false,"showFlares":true,"showImageEffects":true,"showParticleSystems":true,"showVisualEffectGraphs":true,"m_FxEnabled":true},"in2DMode":false,"pivot":{"x":7.012811183929443,"y":8.888692855834961,"z":-32.16210174560547},"rotation":{"x":-0.046637337654829028,"y":0.07842763513326645,"z":-0.0038857748731970789,"w":-0.9959222078323364},"size":0.10892581939697266,"orthographic":false}