{"cameraMode":{"drawMode":0,"name":"Shaded","section":"Shading Mode"},"sceneLighting":false,"audioPlay":false,"sceneViewState":{"m_AlwaysRefresh":true,"showFog":true,"showSkybox":false,"showFlares":true,"showImageEffects":true,"showParticleSystems":true,"showVisualEffectGraphs":true,"m_FxEnabled":true},"in2DMode":false,"pivot":{"x":-3.0056118965148927,"y":0.34043359756469729,"z":0.1649487465620041},"rotation":{"x":-0.07205905765295029,"y":-0.6961759328842163,"z":0.0702686756849289,"w":-0.7109050750732422},"size":2.351496934890747,"orthographic":false}