{"cameraMode":{"drawMode":0,"name":"Shaded","section":"Shading Mode"},"sceneLighting":false,"audioPlay":false,"sceneViewState":{"m_AlwaysRefresh":true,"showFog":true,"showSkybox":false,"showFlares":true,"showImageEffects":true,"showParticleSystems":true,"showVisualEffectGraphs":true,"m_FxEnabled":true},"in2DMode":false,"pivot":{"x":-1.328911542892456,"y":-0.39741113781929018,"z":-0.4370724856853485},"rotation":{"x":-0.0079765934497118,"y":-0.9889657497406006,"z":0.13765130937099458,"w":-0.055794939398765567},"size":2.351496934890747,"orthographic":false}